depth,top_k,win_rate,mean_time_per_phase,total_action_seconds,num_phases,num_games
1,1,0.48,0.00013644586243912244,2.2632275202777237,16587,100
1,2,0.49,0.00028524622820675884,4.711697197519243,16518,100
1,3,0.46,0.00028057938029074614,4.637977156206034,16530,100
1,4,0.49,0.0002543111914902497,4.308794517419301,16943,100
3,1,0.48,0.0004135726472697966,6.859929500264116,16587,100
3,2,0.51,0.001976673562327771,31.490386521443725,15931,100
3,3,0.55,0.004641372197349848,76.20669010828715,16419,100
3,4,0.51,0.007438945192613924,127.70437212160323,17167,100
5,1,0.48,0.0013443709297585509,22.299080611905083,16587,100
5,2,0.54,0.022103777371187218,331.4682454583235,14996,100
5,3,0.52,0.09767072207785855,1551.8901030950947,15889,100
5,4,0.52,0.27747152889240073,4407.080293398001,15883,100
